"_id","employee_id","full_name","email","department","site","active"
"ObjectId(""6849ef86ab2373184fe07a14"")","E001","Michelle Buchanan","zreyes@example.org","Matte Painting","Sydney",false
"ObjectId(""6849ef86ab2373184fe07a15"")","E002","Laura Nguyen","wattsmichael@example.org","Production","Sydney",true
"ObjectId(""6849ef86ab2373184fe07a16"")","E003","William Gonzales","sgarcia@example.org","Editorial","London",false
"ObjectId(""6849ef86ab2373184fe07a17"")","E004","Roy Kelley","michaelwilliams@example.net","Animation","Hyderabad",true
"ObjectId(""6849ef86ab2373184fe07a18"")","E005","Richard Jones","aanderson@example.org","Animation","Sydney",false
"ObjectId(""6849ef86ab2373184fe07a19"")","E006","James Cooper","douglaslori@example.net","Previs","London",true
"ObjectId(""6849ef86ab2373184fe07a1a"")","E007","Adam Thompson","dedwards@example.net","Lookdev","London",false
"ObjectId(""6849ef86ab2373184fe07a1b"")","E008","Victor Gilbert","ayaladebra@example.com","Story","Hyderabad",true
"ObjectId(""6849ef86ab2373184fe07a1c"")","E009","Jonathan Harper","patrick21@example.com","Lookdev","London",false
"ObjectId(""6849ef86ab2373184fe07a1d"")","E010","Kelly Wells MD","velezchristina@example.com","Animation","Sydney",true
"ObjectId(""6849ef86ab2373184fe07a1e"")","E011","Erica Diaz","rmartin@example.net","Modeling","London",false
"ObjectId(""6849ef86ab2373184fe07a1f"")","E012","Elizabeth Wolfe","mramos@example.com","Prodtech","Sydney",true
"ObjectId(""6849ef86ab2373184fe07a20"")","E013","Charles Savage","stephaniesmith@example.com","Matchmove","Sydney",false
"ObjectId(""6849ef86ab2373184fe07a21"")","E014","Michael Andrade","robertmiller@example.net","IT","Hyderabad",true
"ObjectId(""6849ef86ab2373184fe07a22"")","E015","Samuel Moore","dawn72@example.org","Groom","Sydney",false
"ObjectId(""6849ef86ab2373184fe07a23"")","E016","Gina Vance","virginialong@example.org","Asset Management","London",true
"ObjectId(""6849ef86ab2373184fe07a24"")","E017","Mitchell Garcia","diazchristina@example.net","Lighting","Hyderabad",false
"ObjectId(""6849ef86ab2373184fe07a25"")","E018","Justin Porter","ascott@example.net","IT","London",true
"ObjectId(""6849ef86ab2373184fe07a26"")","E019","Denise West","kaitlynmyers@example.net","Texturing","London",false
"ObjectId(""6849ef86ab2373184fe07a27"")","E020","Linda Kramer","caldwellkrystal@example.net","Prodtech","Hyderabad",true
"ObjectId(""6849ef86ab2373184fe07a28"")","E021","Garrett Lane","angelanelson@example.com","Groom","Sydney",false
"ObjectId(""6849ef86ab2373184fe07a29"")","E022","Kimberly Farrell","justin01@example.org","Pipeline","Hyderabad",true
"ObjectId(""6849ef86ab2373184fe07a2a"")","E023","Dennis Hobbs","fwood@example.com","Rendering","Sydney",false
"ObjectId(""6849ef86ab2373184fe07a2b"")","E024","Veronica Navarro","ssimpson@example.org","Art Department","Hyderabad",true
"ObjectId(""6849ef86ab2373184fe07a2c"")","E025","Michael Morales","hward@example.net","Matte Painting","London",false
"ObjectId(""6849ef86ab2373184fe07a2d"")","E026","Brian Wilson","santiagocharles@example.com","Layout","London",true
"ObjectId(""6849ef86ab2373184fe07a2e"")","E027","Jennifer Winters","stewartmark@example.net","Lighting","Sydney",false
"ObjectId(""6849ef86ab2373184fe07a2f"")","E028","Michael Baker","zquinn@example.com","Color Grading","London",true
"ObjectId(""6849ef86ab2373184fe07a30"")","E029","Michelle Grant","gregorymitchell@example.net","Layout","Hyderabad",false
"ObjectId(""6849ef86ab2373184fe07a31"")","E030","John Smith","riosangela@example.net","Color Grading","Sydney",true
"ObjectId(""6849ef86ab2373184fe07a32"")","E031","Amber Burch","ojohnson@example.com","Texturing","London",false
"ObjectId(""6849ef86ab2373184fe07a33"")","E032","Veronica Smith","brandon40@example.com","Story","Hyderabad",true
"ObjectId(""6849ef86ab2373184fe07a34"")","E033","Zachary Smith","kelly97@example.com","Rigging","Sydney",false
"ObjectId(""6849ef86ab2373184fe07a35"")","E034","Nichole Kelley","lrodgers@example.org","Lookdev","Hyderabad",true
"ObjectId(""6849ef86ab2373184fe07a36"")","E035","Eric Davis","smithkaren@example.org","Color Grading","Hyderabad",false
"ObjectId(""6849ef86ab2373184fe07a37"")","E036","Brent Reynolds","sdaniels@example.net","Prodtech","Sydney",true
"ObjectId(""6849ef86ab2373184fe07a38"")","E037","Stephanie Myers","lclark@example.net","Matchmove","Hyderabad",false
"ObjectId(""6849ef86ab2373184fe07a39"")","E038","Elizabeth Bentley","omartinez@example.org","Asset Management","Hyderabad",true
"ObjectId(""6849ef86ab2373184fe07a3a"")","E039","Jennifer Jackson","mcrawford@example.com","Art Department","Sydney",false
"ObjectId(""6849ef86ab2373184fe07a3b"")","E040","Joshua Miller","johnwhite@example.com","Story","London",true
"ObjectId(""6849ef86ab2373184fe07a3c"")","E041","Ian White","tgordon@example.com","Environments","Hyderabad",false
"ObjectId(""6849ef86ab2373184fe07a3d"")","E042","Erik Gilbert","amartinez@example.org","IT","Hyderabad",true
"ObjectId(""6849ef86ab2373184fe07a3e"")","E043","Tammy Davis","gregory69@example.com","FX","Sydney",false
"ObjectId(""6849ef86ab2373184fe07a3f"")","E044","Paul Silva","jessicaparsons@example.com","FX","Hyderabad",true
"ObjectId(""6849ef86ab2373184fe07a40"")","E045","Kimberly Jones","mooregregory@example.net","Matchmove","London",false
"ObjectId(""6849ef86ab2373184fe07a41"")","E046","Amber Bowman","travis04@example.net","Compositing","Sydney",true
"ObjectId(""6849ef86ab2373184fe07a42"")","E047","April Grant","michaelcampbell@example.org","Prodtech","Sydney",false
"ObjectId(""6849ef86ab2373184fe07a43"")","E048","Marissa Hansen","kathleen19@example.com","FX","Hyderabad",true
"ObjectId(""6849ef86ab2373184fe07a44"")","E049","Jose Velez","ahenderson@example.org","Rigging","London",false
"ObjectId(""6849ef86ab2373184fe07a45"")","E050","Eric Floyd","marymendoza@example.com","Matchmove","Hyderabad",true
"ObjectId(""6849ef86ab2373184fe07a46"")","E051","Mackenzie Alexander","lesliewilliams@example.org","Editorial","London",false
"ObjectId(""6849ef86ab2373184fe07a47"")","E052","Robert Smith","griffinpatrick@example.net","Texturing","Sydney",true
"ObjectId(""6849ef86ab2373184fe07a48"")","E053","Kim Ferguson","kimberlyjohnson@example.org","Production","Sydney",false
"ObjectId(""6849ef86ab2373184fe07a49"")","E054","William Flores","dawn73@example.org","Rigging","Sydney",true
"ObjectId(""6849ef86ab2373184fe07a4a"")","E055","Samantha Simmons","rrobbins@example.org","Texturing","Hyderabad",false
"ObjectId(""6849ef86ab2373184fe07a4b"")","E056","Megan Wilcox","cheryl57@example.com","Rendering","London",true
"ObjectId(""6849ef86ab2373184fe07a4c"")","E057","Timothy Armstrong","matthew19@example.com","Rendering","London",false
"ObjectId(""6849ef86ab2373184fe07a4d"")","E058","Lynn Brooks","yhiggins@example.net","Asset Management","London",true
"ObjectId(""6849ef86ab2373184fe07a4e"")","E059","Edward Mcdowell","brodriguez@example.com","Matte Painting","London",false
"ObjectId(""6849ef86ab2373184fe07a4f"")","E060","Rodney Kirk","amandaellis@example.com","IT","Hyderabad",true
"ObjectId(""6849ef86ab2373184fe07a50"")","E061","Brian Matthews","idouglas@example.org","Animation","Sydney",false
"ObjectId(""6849ef86ab2373184fe07a51"")","E062","Christina Elliott","jennifer12@example.org","IT","Hyderabad",true
"ObjectId(""6849ef86ab2373184fe07a52"")","E063","Alison Deleon DDS","brett86@example.com","Color Grading","Hyderabad",false
"ObjectId(""6849ef86ab2373184fe07a53"")","E064","Jesus Everett","christopher40@example.com","Matchmove","Hyderabad",true
"ObjectId(""6849ef86ab2373184fe07a54"")","E065","Mark Howard","eileenthornton@example.com","Environments","London",false
"ObjectId(""6849ef86ab2373184fe07a55"")","E066","William Gibson","jamesamy@example.net","Texturing","London",true
"ObjectId(""6849ef86ab2373184fe07a56"")","E067","Robert Smith","debraoliver@example.net","Lighting","Hyderabad",false
"ObjectId(""6849ef86ab2373184fe07a57"")","E068","Maria Hall","pbernard@example.net","Art Department","Hyderabad",true
"ObjectId(""6849ef86ab2373184fe07a58"")","E069","Holly Ray","eleblanc@example.net","Matchmove","London",false
"ObjectId(""6849ef86ab2373184fe07a59"")","E070","Kylie Johnson","robert55@example.net","Rigging","Sydney",true
"ObjectId(""6849ef86ab2373184fe07a5a"")","E071","Dustin Thompson","dylanwilliams@example.net","Pipeline","Hyderabad",false
"ObjectId(""6849ef86ab2373184fe07a5b"")","E072","Taylor Perez","cwilliams@example.net","Environments","Hyderabad",true
"ObjectId(""6849ef86ab2373184fe07a5c"")","E073","Lisa Marsh","twerner@example.org","Animation","London",false
"ObjectId(""6849ef86ab2373184fe07a5d"")","E074","David Carter","wendy15@example.org","Layout","London",true
"ObjectId(""6849ef86ab2373184fe07a5e"")","E075","Kevin Perkins","steven91@example.com","Color Grading","Sydney",false
"ObjectId(""6849ef86ab2373184fe07a5f"")","E076","Daniel Richardson","torrespeter@example.com","Layout","Hyderabad",true
"ObjectId(""6849ef86ab2373184fe07a60"")","E077","Gerald Greer","destinybailey@example.org","Rigging","Hyderabad",false
"ObjectId(""6849ef86ab2373184fe07a61"")","E078","Steven Pierce","brendahutchinson@example.com","Art Department","London",true
"ObjectId(""6849ef86ab2373184fe07a62"")","E079","Dr. Marcus Huerta MD","amyanderson@example.org","Texturing","Sydney",false
"ObjectId(""6849ef86ab2373184fe07a63"")","E080","Nancy Oconnell","jsmith@example.com","Production","Sydney",true
"ObjectId(""6849ef86ab2373184fe07a64"")","E081","Robert Rogers","riverscrystal@example.org","Matchmove","Hyderabad",false
"ObjectId(""6849ef86ab2373184fe07a65"")","E082","Todd Taylor","juliekelley@example.net","IT","London",true
"ObjectId(""6849ef86ab2373184fe07a66"")","E083","Joseph Ewing","lincharles@example.org","Pipeline","London",false
"ObjectId(""6849ef86ab2373184fe07a67"")","E084","Bryan Bell","phillipskimberly@example.com","Modeling","Sydney",true
"ObjectId(""6849ef86ab2373184fe07a68"")","E085","Brian Wells","amberbaker@example.org","Previs","Sydney",false
"ObjectId(""6849ef86ab2373184fe07a69"")","E086","Heidi Miller","amyking@example.org","Layout","Sydney",true
"ObjectId(""6849ef86ab2373184fe07a6a"")","E087","Mario Ayala","hnewman@example.com","Production","London",false
"ObjectId(""6849ef86ab2373184fe07a6b"")","E088","Brandon Garrison","josephmartin@example.net","Rendering","Sydney",true
"ObjectId(""6849ef86ab2373184fe07a6c"")","E089","Sharon Rivera","david46@example.net","Texturing","Hyderabad",false
"ObjectId(""6849ef86ab2373184fe07a6d"")","E090","Jerry Bell","hobbswyatt@example.org","Pipeline","Sydney",true
"ObjectId(""6849ef86ab2373184fe07a6e"")","E091","Victoria Powers","hrivera@example.com","Rendering","London",false
"ObjectId(""6849ef86ab2373184fe07a6f"")","E092","Stephen Bush","anna60@example.org","Animation","Hyderabad",true
"ObjectId(""6849ef86ab2373184fe07a70"")","E093","Lisa Hutchinson","hshea@example.com","Rigging","London",false
"ObjectId(""6849ef86ab2373184fe07a71"")","E094","Brian Garrett","timothy23@example.com","Rigging","Sydney",true
"ObjectId(""6849ef86ab2373184fe07a72"")","E095","Lisa Gallagher","chadfreeman@example.com","Color Grading","Hyderabad",false
"ObjectId(""6849ef86ab2373184fe07a73"")","E096","Ryan Ramirez","ggarza@example.com","Groom","Sydney",true
"ObjectId(""6849ef86ab2373184fe07a74"")","E097","Courtney Fitzgerald","andrew47@example.com","Asset Management","London",false
"ObjectId(""6849ef86ab2373184fe07a75"")","E098","Robert Moreno","ybarrett@example.org","Compositing","Sydney",true
"ObjectId(""6849ef86ab2373184fe07a76"")","E099","Erica Sanchez","taylorkrystal@example.com","Environments","Hyderabad",false
"ObjectId(""6849ef86ab2373184fe07a77"")","E100","Julie Lewis","rcastro@example.org","Texturing","London",true
"ObjectId(""6849ef86ab2373184fe07a78"")","E101","Mrs. Denise Long","laura05@example.net","Prodtech","Sydney",false
"ObjectId(""6849ef86ab2373184fe07a79"")","E102","Gary Crawford","hoffmanalexis@example.com","Prodtech","Hyderabad",true
"ObjectId(""6849ef86ab2373184fe07a7a"")","E103","Allison Miranda","goldenkenneth@example.net","Matchmove","Sydney",false
"ObjectId(""6849ef86ab2373184fe07a7b"")","E104","Michael Reilly","aguilarrobert@example.com","Lookdev","Sydney",true
"ObjectId(""6849ef86ab2373184fe07a7c"")","E105","Amy Dixon","john18@example.com","Previs","Sydney",false
"ObjectId(""6849ef86ab2373184fe07a7d"")","E106","David Jones","christina09@example.com","Art Department","London",true
"ObjectId(""6849ef86ab2373184fe07a7e"")","E107","Jack Johnson IV","llara@example.com","Matchmove","Hyderabad",false
"ObjectId(""6849ef86ab2373184fe07a7f"")","E108","Felicia Bruce","billygraham@example.net","Rigging","Sydney",true
"ObjectId(""6849ef86ab2373184fe07a80"")","E109","John Hansen","yoconnell@example.org","Rendering","Hyderabad",false
"ObjectId(""6849ef86ab2373184fe07a81"")","E110","Greg Baker","stanleyharris@example.com","Matte Painting","Sydney",true
"ObjectId(""6849ef86ab2373184fe07a82"")","E111","Linda Key","cwright@example.com","Matte Painting","Hyderabad",false
"ObjectId(""6849ef86ab2373184fe07a83"")","E112","Amy Monroe","kristinrowe@example.net","Production","Hyderabad",true
"ObjectId(""6849ef86ab2373184fe07a84"")","E113","Roy Cole","ucurtis@example.com","Texturing","Hyderabad",false
"ObjectId(""6849ef86ab2373184fe07a85"")","E114","Sandra Griffin","john29@example.com","Editorial","Sydney",true
"ObjectId(""6849ef86ab2373184fe07a86"")","E115","Madeline Riley","matthew67@example.org","Rendering","Sydney",false
"ObjectId(""6849ef86ab2373184fe07a87"")","E116","Courtney Gates","jefferyburke@example.net","Story","Sydney",true
"ObjectId(""6849ef86ab2373184fe07a88"")","E117","Rachel Mckenzie","donovancheryl@example.com","Art Department","Hyderabad",false
"ObjectId(""6849ef86ab2373184fe07a89"")","E118","David Ryan","carterkaren@example.net","Animation","London",true
"ObjectId(""6849ef86ab2373184fe07a8a"")","E119","Jennifer Rios","benitezalexis@example.com","Rigging","Sydney",false
"ObjectId(""6849ef86ab2373184fe07a8b"")","E120","Laurie Taylor","dariusrice@example.net","Production","Sydney",true
"ObjectId(""6849ef86ab2373184fe07a8c"")","E121","Rhonda Walker","heidinunez@example.net","FX","Hyderabad",false
"ObjectId(""6849ef86ab2373184fe07a8d"")","E122","Rebecca Byrd","christopherriley@example.org","Pipeline","London",true
"ObjectId(""6849ef86ab2373184fe07a8e"")","E123","Dakota Vazquez","jon27@example.net","Pipeline","London",false
"ObjectId(""6849ef86ab2373184fe07a8f"")","E124","Corey Newton","kathydavis@example.org","Groom","Sydney",true
"ObjectId(""6849ef86ab2373184fe07a90"")","E125","William Taylor","jennifersanchez@example.com","Layout","Sydney",false
"ObjectId(""6849ef86ab2373184fe07a91"")","E126","Nathan Grant","kendra82@example.net","Matte Painting","Hyderabad",true
"ObjectId(""6849ef86ab2373184fe07a92"")","E127","Dr. Katie Davis DDS","andrewweiss@example.net","Lighting","Hyderabad",false
"ObjectId(""6849ef86ab2373184fe07a93"")","E128","Deborah Franklin","humphreynicole@example.org","Story","Sydney",true
"ObjectId(""6849ef86ab2373184fe07a94"")","E129","Erica Smith","daniellesmith@example.net","FX","London",false
"ObjectId(""6849ef86ab2373184fe07a95"")","E130","Roberto Ramirez","helliott@example.org","Previs","Hyderabad",true
"ObjectId(""6849ef86ab2373184fe07a96"")","E131","Heather Hughes","jeffreywilson@example.net","Compositing","Hyderabad",false
"ObjectId(""6849ef86ab2373184fe07a97"")","E132","James Clark","clifford06@example.net","Art Department","Sydney",true
"ObjectId(""6849ef86ab2373184fe07a98"")","E133","Brian Lloyd","wcoleman@example.com","Prodtech","Sydney",false
"ObjectId(""6849ef86ab2373184fe07a99"")","E134","Melissa Fleming","bryantdavid@example.net","Prodtech","Hyderabad",true
"ObjectId(""6849ef86ab2373184fe07a9a"")","E135","Karina Singleton","isullivan@example.com","Texturing","London",false
"ObjectId(""6849ef86ab2373184fe07a9b"")","E136","Donna Brown","kimberlyjones@example.org","Layout","London",true
"ObjectId(""6849ef86ab2373184fe07a9c"")","E137","Monica Brown","izimmerman@example.com","Animation","Hyderabad",false
"ObjectId(""6849ef86ab2373184fe07a9d"")","E138","Brendan Nelson","kylebarr@example.com","Art Department","Hyderabad",true
"ObjectId(""6849ef86ab2373184fe07a9e"")","E139","Jamie Harrington","nicoledavis@example.org","Compositing","London",false
"ObjectId(""6849ef86ab2373184fe07a9f"")","E140","Nancy Brown","jason46@example.org","Color Grading","Sydney",true
"ObjectId(""6849ef86ab2373184fe07aa0"")","E141","Brian Salas","cgoodwin@example.org","Prodtech","Hyderabad",false
"ObjectId(""6849ef86ab2373184fe07aa1"")","E142","Erin Harper","courtney80@example.com","IT","Hyderabad",true
"ObjectId(""6849ef87ab2373184fe07aa2"")","E143","Nicholas Carr","johnsonbrittany@example.net","Rigging","London",false
"ObjectId(""6849ef87ab2373184fe07aa3"")","E144","Matthew Munoz","bullockandrew@example.net","Production","Hyderabad",true
"ObjectId(""6849ef87ab2373184fe07aa4"")","E145","Christopher Nelson","mirandayoder@example.net","Rigging","Sydney",false
"ObjectId(""6849ef87ab2373184fe07aa5"")","E146","Travis Hicks","jenniferking@example.org","Lookdev","Sydney",true
"ObjectId(""6849ef87ab2373184fe07aa6"")","E147","Whitney Woods","kbaker@example.com","Prodtech","London",false
"ObjectId(""6849ef87ab2373184fe07aa7"")","E148","Arthur Hernandez","cheryl63@example.com","Editorial","Hyderabad",true
"ObjectId(""6849ef87ab2373184fe07aa8"")","E149","Angela Tran","alexa29@example.org","Texturing","Hyderabad",false
"ObjectId(""6849ef87ab2373184fe07aa9"")","E150","Justin Hansen","tommyvilla@example.com","Production","Sydney",true
"ObjectId(""6849ef87ab2373184fe07aaa"")","E151","Andrew Cross","kim43@example.net","Pipeline","Hyderabad",false
"ObjectId(""6849ef87ab2373184fe07aab"")","E152","Spencer Hahn","garrettemily@example.org","Art Department","London",true
"ObjectId(""6849ef87ab2373184fe07aac"")","E153","Nancy Gallagher","qdean@example.org","Story","London",false
"ObjectId(""6849ef87ab2373184fe07aad"")","E154","Jennifer Martinez","elizabethcontreras@example.org","Story","Sydney",true
"ObjectId(""6849ef87ab2373184fe07aae"")","E155","Randy Smith","ritamcdowell@example.com","Lighting","London",false
"ObjectId(""6849ef87ab2373184fe07aaf"")","E156","Melissa Cardenas","benjamin79@example.net","Texturing","Hyderabad",true
"ObjectId(""6849ef87ab2373184fe07ab0"")","E157","Charles Day","markwilson@example.com","FX","London",false
"ObjectId(""6849ef87ab2373184fe07ab1"")","E158","James Leon","maldonadocatherine@example.org","Asset Management","Hyderabad",true
"ObjectId(""6849ef87ab2373184fe07ab2"")","E159","Christopher Vargas","scott91@example.org","Layout","Sydney",false
"ObjectId(""6849ef87ab2373184fe07ab3"")","E160","Mr. Robert Kelly Jr.","martinezrobert@example.net","FX","London",true
"ObjectId(""6849ef87ab2373184fe07ab4"")","E161","Elizabeth Lewis","keithnguyen@example.org","Lighting","London",false
"ObjectId(""6849ef87ab2373184fe07ab5"")","E162","Deborah Miller","josephfrost@example.com","Previs","Sydney",true
"ObjectId(""6849ef87ab2373184fe07ab6"")","E163","Karen Williams","edward44@example.com","Modeling","Hyderabad",false
"ObjectId(""6849ef87ab2373184fe07ab7"")","E164","Janet Cantu","davidphillips@example.com","Lookdev","Sydney",true
"ObjectId(""6849ef87ab2373184fe07ab8"")","E165","Robert Martin","middletonsara@example.org","Lighting","London",false
"ObjectId(""6849ef87ab2373184fe07ab9"")","E166","Melissa Campos","hdawson@example.com","Story","London",true
"ObjectId(""6849ef87ab2373184fe07aba"")","E167","Lauren Sandoval","timothy46@example.org","IT","Sydney",false
"ObjectId(""6849ef87ab2373184fe07abb"")","E168","Miguel Flores DDS","hthompson@example.org","Color Grading","London",true
"ObjectId(""6849ef87ab2373184fe07abc"")","E169","Chad Lynch","keith08@example.com","Animation","London",false
"ObjectId(""6849ef87ab2373184fe07abd"")","E170","Matthew Contreras","samuel95@example.com","IT","Hyderabad",true
"ObjectId(""6849ef87ab2373184fe07abe"")","E171","Karen Livingston","hmeyer@example.org","Layout","Hyderabad",false
"ObjectId(""6849ef87ab2373184fe07abf"")","E172","Chris Rivera","michael97@example.net","Art Department","London",true
"ObjectId(""6849ef87ab2373184fe07ac0"")","E173","Christine Higgins","brittanygarcia@example.com","Asset Management","Hyderabad",false
"ObjectId(""6849ef87ab2373184fe07ac1"")","E174","Margaret Olson","markserrano@example.net","Editorial","Sydney",true
"ObjectId(""6849ef87ab2373184fe07ac2"")","E175","Cheryl Miller","jameshall@example.net","FX","Hyderabad",false
"ObjectId(""6849ef87ab2373184fe07ac3"")","E176","Richard Jackson","pattersonjohn@example.com","Story","Hyderabad",true
"ObjectId(""6849ef87ab2373184fe07ac4"")","E177","Christopher Eaton","michaelwagner@example.com","Editorial","Sydney",false
"ObjectId(""6849ef87ab2373184fe07ac5"")","E178","Edward Arellano","hurleycarolyn@example.net","Groom","Sydney",true
"ObjectId(""6849ef87ab2373184fe07ac6"")","E179","Karen Carter","mcmahonteresa@example.com","Animation","Hyderabad",false
"ObjectId(""6849ef87ab2373184fe07ac7"")","E180","Thomas Hanson","rpittman@example.com","Lookdev","London",true
"ObjectId(""6849ef87ab2373184fe07ac8"")","E181","Amber White","thompsonwilliam@example.net","Editorial","Sydney",false
"ObjectId(""6849ef87ab2373184fe07ac9"")","E182","Mr. Anthony Hebert","sgilbert@example.com","Previs","Sydney",true
"ObjectId(""6849ef87ab2373184fe07aca"")","E183","Ashley Mercer","tammykelley@example.com","Production","Sydney",false
"ObjectId(""6849ef87ab2373184fe07acb"")","E184","Leah Gomez","cohenevan@example.com","Animation","London",true
"ObjectId(""6849ef87ab2373184fe07acc"")","E185","Nathan Gordon","tevans@example.org","Animation","Hyderabad",false
"ObjectId(""6849ef87ab2373184fe07acd"")","E186","Christopher Davis","amorris@example.net","Compositing","Hyderabad",true
"ObjectId(""6849ef87ab2373184fe07ace"")","E187","Jackie Lewis","vflores@example.com","IT","London",false
"ObjectId(""6849ef87ab2373184fe07acf"")","E188","Barbara Murphy","debraandrade@example.com","Rigging","Sydney",true
"ObjectId(""6849ef87ab2373184fe07ad0"")","E189","Denise Bradley","dyates@example.com","Rigging","Hyderabad",false
"ObjectId(""6849ef87ab2373184fe07ad1"")","E190","Mary Long","richardatkins@example.com","Pipeline","Hyderabad",true
"ObjectId(""6849ef87ab2373184fe07ad2"")","E191","Jason Petty","gouldtyler@example.com","Modeling","London",false
"ObjectId(""6849ef87ab2373184fe07ad3"")","E192","Carrie Durham","karenwillis@example.net","Matte Painting","Sydney",true
"ObjectId(""6849ef87ab2373184fe07ad4"")","E193","Melissa Rogers","craigtanya@example.com","Animation","Hyderabad",false
"ObjectId(""6849ef87ab2373184fe07ad5"")","E194","Benjamin Smith","georgeharris@example.org","Asset Management","Hyderabad",true
"ObjectId(""6849ef87ab2373184fe07ad6"")","E195","Denise Allison","ethompson@example.org","Production","Hyderabad",false
"ObjectId(""6849ef87ab2373184fe07ad7"")","E196","Andrea Webb","vjackson@example.org","Prodtech","Sydney",true
"ObjectId(""6849ef87ab2373184fe07ad8"")","E197","Jasmine Lewis","hallshawna@example.org","Prodtech","Hyderabad",false
"ObjectId(""6849ef87ab2373184fe07ad9"")","E198","Melinda Carrillo","charlescobb@example.org","Editorial","London",true
"ObjectId(""6849ef87ab2373184fe07ada"")","E199","Kimberly Anderson","berrycorey@example.net","Production","Sydney",false
"ObjectId(""6849ef87ab2373184fe07adb"")","E200","Kristi Gaines","michael53@example.com","Production","Hyderabad",true
"ObjectId(""6849ef87ab2373184fe07adc"")","E201","John Turner","danielle99@example.org","Pipeline","Sydney",false
"ObjectId(""6849ef87ab2373184fe07add"")","E202","Shannon Lopez","christopher91@example.org","Compositing","Sydney",true
"ObjectId(""6849ef87ab2373184fe07ade"")","E203","Adam Wiley","bakerapril@example.com","Color Grading","Hyderabad",false
"ObjectId(""6849ef87ab2373184fe07adf"")","E204","Cody Stokes","kvang@example.org","Story","London",true
"ObjectId(""6849ef87ab2373184fe07ae0"")","E205","Mark Brown","deborah50@example.com","Production","Hyderabad",false
"ObjectId(""6849ef87ab2373184fe07ae1"")","E206","Rebecca Johnston","caseybarrett@example.com","Animation","Sydney",true
"ObjectId(""6849ef87ab2373184fe07ae2"")","E207","Gilbert Kelly","brittanywhitney@example.net","Lookdev","London",false
"ObjectId(""6849ef87ab2373184fe07ae3"")","E208","Cheryl Chapman","sharonsilva@example.net","Lighting","Sydney",true
"ObjectId(""6849ef87ab2373184fe07ae4"")","E209","Michael Parker","bstout@example.org","Environments","Hyderabad",false
"ObjectId(""6849ef87ab2373184fe07ae5"")","E210","Elizabeth Huber","samantha89@example.com","Groom","Sydney",true
"ObjectId(""6849ef87ab2373184fe07ae6"")","E211","Jason Johnson","clarkstephen@example.org","Compositing","Sydney",false
"ObjectId(""6849ef87ab2373184fe07ae7"")","E212","Jessica Ramos","amanda31@example.com","Texturing","Sydney",true
"ObjectId(""6849ef87ab2373184fe07ae8"")","E213","Tammy Morales","barbaraalvarado@example.org","Matchmove","Sydney",false
"ObjectId(""6849ef87ab2373184fe07ae9"")","E214","David Ramirez","sara66@example.com","Editorial","Sydney",true
"ObjectId(""6849ef87ab2373184fe07aea"")","E215","Cassie Allen","mendozakaitlin@example.org","Matte Painting","Hyderabad",false
"ObjectId(""6849ef87ab2373184fe07aeb"")","E216","Wendy Reeves","michaelmaddox@example.net","Environments","Hyderabad",true
"ObjectId(""6849ef87ab2373184fe07aec"")","E217","Tabitha Mooney","hjones@example.com","Editorial","Hyderabad",false
"ObjectId(""6849ef87ab2373184fe07aed"")","E218","Rachel Tucker","hwalker@example.net","Production","Hyderabad",true
"ObjectId(""6849ef87ab2373184fe07aee"")","E219","Cynthia Sheppard","whiteamy@example.org","Prodtech","Sydney",false
"ObjectId(""6849ef87ab2373184fe07aef"")","E220","Eric Wong","leahjohnson@example.org","Lighting","London",true
"ObjectId(""6849ef87ab2373184fe07af0"")","E221","Michael Knight","angelacantu@example.org","Texturing","London",false
"ObjectId(""6849ef87ab2373184fe07af1"")","E222","Donald Arellano","gina50@example.net","Rigging","Sydney",true
"ObjectId(""6849ef87ab2373184fe07af2"")","E223","Stephanie Hardy","john53@example.org","FX","London",false
"ObjectId(""6849ef87ab2373184fe07af3"")","E224","Robert Murphy PhD","alyssajohnson@example.com","Matte Painting","Hyderabad",true
"ObjectId(""6849ef87ab2373184fe07af4"")","E225","Billy Hill","kelliconner@example.net","Texturing","Sydney",false
"ObjectId(""6849ef87ab2373184fe07af5"")","E226","Mark Osborn","imays@example.org","Story","Sydney",true
"ObjectId(""6849ef87ab2373184fe07af6"")","E227","Angelica Johnson","joshuayoung@example.net","Rendering","Hyderabad",false
"ObjectId(""6849ef87ab2373184fe07af7"")","E228","Gina Webster","vrosales@example.org","Compositing","Sydney",true
"ObjectId(""6849ef87ab2373184fe07af8"")","E229","Linda Sims","nguyentracy@example.com","Production","Sydney",false
"ObjectId(""6849ef87ab2373184fe07af9"")","E230","Jonathan Alvarez","patrick52@example.org","FX","Hyderabad",true
"ObjectId(""6849ef87ab2373184fe07afa"")","E231","Katherine Beard","stephenkaufman@example.org","Story","Sydney",false
"ObjectId(""6849ef87ab2373184fe07afb"")","E232","Gregory Hernandez","ryan83@example.net","Animation","London",true
"ObjectId(""6849ef87ab2373184fe07afc"")","E233","Renee Wilcox","suttonbetty@example.net","Animation","Hyderabad",false
"ObjectId(""6849ef87ab2373184fe07afd"")","E234","James Green","carsonkaylee@example.net","Color Grading","London",true
"ObjectId(""6849ef87ab2373184fe07afe"")","E235","Maria Cobb","hsantos@example.com","Production","Hyderabad",false
"ObjectId(""6849ef87ab2373184fe07aff"")","E236","Michelle Brown","hsalazar@example.com","Rendering","Sydney",true
"ObjectId(""6849ef87ab2373184fe07b00"")","E237","Andrew Smith","davidbecker@example.org","FX","London",false
"ObjectId(""6849ef87ab2373184fe07b01"")","E238","Brian Hall","donna26@example.com","IT","Hyderabad",true
"ObjectId(""6849ef87ab2373184fe07b02"")","E239","Grace Coleman","mitchelllong@example.org","Matchmove","Sydney",false
"ObjectId(""6849ef87ab2373184fe07b03"")","E240","Thomas Wright","grahamthomas@example.org","Animation","Sydney",true
"ObjectId(""6849ef87ab2373184fe07b04"")","E241","Thomas Morrow","joshua97@example.org","FX","Hyderabad",false
"ObjectId(""6849ef87ab2373184fe07b05"")","E242","Gary Murphy DVM","dalton26@example.com","Matchmove","London",true
"ObjectId(""6849ef87ab2373184fe07b06"")","E243","Angela Mitchell","blairalexandria@example.net","Animation","Sydney",false
"ObjectId(""6849ef87ab2373184fe07b07"")","E244","Joseph Johnson","mmitchell@example.org","Layout","London",true
"ObjectId(""6849ef87ab2373184fe07b08"")","E245","Mr. Ryan Spears DDS","dfuentes@example.org","Color Grading","Hyderabad",false
"ObjectId(""6849ef87ab2373184fe07b09"")","E246","Emily Chapman","kburke@example.net","Prodtech","Hyderabad",true
"ObjectId(""6849ef87ab2373184fe07b0a"")","E247","Michele Warner","paula80@example.org","Rigging","London",false
"ObjectId(""6849ef87ab2373184fe07b0b"")","E248","Jesse Miller","jorgelambert@example.org","Lookdev","Sydney",true
"ObjectId(""6849ef87ab2373184fe07b0c"")","E249","Dylan Rogers","oburke@example.net","Layout","Sydney",false
"ObjectId(""6849ef87ab2373184fe07b0d"")","E250","Maria Schultz","robinewing@example.org","Layout","Sydney",true
"ObjectId(""6849ef87ab2373184fe07b0e"")","E251","Mary Jones","dgardner@example.org","Pipeline","Hyderabad",false
"ObjectId(""6849ef87ab2373184fe07b0f"")","E252","Adam Lopez","ediaz@example.net","Texturing","Sydney",true
"ObjectId(""6849ef87ab2373184fe07b10"")","E253","Jeffrey Davis","wstevens@example.com","Previs","London",false
"ObjectId(""6849ef87ab2373184fe07b11"")","E254","Jacob Morales","anne41@example.com","Art Department","Hyderabad",true
"ObjectId(""6849ef87ab2373184fe07b12"")","E255","Shelby Ruiz","matthewwilliams@example.com","Modeling","Sydney",false
"ObjectId(""6849ef87ab2373184fe07b13"")","E256","Patrick Nguyen","lguerrero@example.net","Matte Painting","Sydney",true
"ObjectId(""6849ef87ab2373184fe07b14"")","E257","Sarah Pearson","danielsmith@example.net","Art Department","London",false
"ObjectId(""6849ef87ab2373184fe07b15"")","E258","Nicole Bell","wolftanya@example.org","Editorial","London",true
"ObjectId(""6849ef87ab2373184fe07b16"")","E259","Ivan Clark","hooverwilliam@example.com","Asset Management","London",false
"ObjectId(""6849ef87ab2373184fe07b17"")","E260","Autumn Ramirez MD","karen59@example.com","Animation","Sydney",true
"ObjectId(""6849ef87ab2373184fe07b18"")","E261","Mary Smith","vzavala@example.org","Rigging","Sydney",false
"ObjectId(""6849ef87ab2373184fe07b19"")","E262","Crystal Johnson","joseph28@example.net","Modeling","Hyderabad",true
"ObjectId(""6849ef87ab2373184fe07b1a"")","E263","Shirley Bell","ghogan@example.org","Rigging","London",false
"ObjectId(""6849ef87ab2373184fe07b1b"")","E264","Maria Stone","rosecheryl@example.net","Asset Management","London",true
"ObjectId(""6849ef87ab2373184fe07b1c"")","E265","Alexander Mahoney","lrobinson@example.net","FX","Sydney",false
"ObjectId(""6849ef87ab2373184fe07b1d"")","E266","Steven Allen","zblackwell@example.org","Pipeline","Hyderabad",true
"ObjectId(""6849ef87ab2373184fe07b1e"")","E267","Nancy Jenkins","osanchez@example.com","IT","Sydney",false
"ObjectId(""6849ef87ab2373184fe07b1f"")","E268","Sandra Carpenter","adamgood@example.org","IT","London",true
"ObjectId(""6849ef87ab2373184fe07b20"")","E269","George Meyer","eyu@example.com","Texturing","Hyderabad",false
"ObjectId(""6849ef87ab2373184fe07b21"")","E270","Isabella Schneider","zbrown@example.net","Groom","London",true
"ObjectId(""6849ef87ab2373184fe07b22"")","E271","Amy Barry","kevin02@example.net","Prodtech","London",false
"ObjectId(""6849ef87ab2373184fe07b23"")","E272","Phillip Ross","connormiles@example.org","Rigging","London",true
"ObjectId(""6849ef87ab2373184fe07b24"")","E273","Dalton Johnston","greenbethany@example.net","Production","Hyderabad",false
"ObjectId(""6849ef87ab2373184fe07b25"")","E274","Russell Ball","bevans@example.net","Modeling","Sydney",true
"ObjectId(""6849ef87ab2373184fe07b26"")","E275","Jessica Parker","halldenise@example.com","Asset Management","Sydney",false
"ObjectId(""6849ef87ab2373184fe07b27"")","E276","Matthew Obrien DVM","jessica42@example.org","Pipeline","Sydney",true
"ObjectId(""6849ef87ab2373184fe07b28"")","E277","Joseph Bartlett","carlwarren@example.org","Rigging","Hyderabad",false
"ObjectId(""6849ef87ab2373184fe07b29"")","E278","Colleen Brown","jeffrey46@example.com","Prodtech","London",true
"ObjectId(""6849ef87ab2373184fe07b2a"")","E279","Haley Williams","justinporter@example.com","Layout","Sydney",false
"ObjectId(""6849ef87ab2373184fe07b2b"")","E280","Amy Turner","mullenjacob@example.net","Texturing","Hyderabad",true
"ObjectId(""6849ef87ab2373184fe07b2c"")","E281","Douglas Eaton","wstokes@example.com","Story","London",false
"ObjectId(""6849ef87ab2373184fe07b2d"")","E282","Laurie Cox","kingdenise@example.org","Lookdev","Hyderabad",true
"ObjectId(""6849ef87ab2373184fe07b2e"")","E283","Victoria Kaiser","kristopher09@example.org","Lookdev","London",false
"ObjectId(""6849ef87ab2373184fe07b2f"")","E284","Amber Martin","robertdavis@example.net","Layout","Hyderabad",true
"ObjectId(""6849ef87ab2373184fe07b30"")","E285","Daniel Wiggins","elizabethmorgan@example.com","Environments","London",false
"ObjectId(""6849ef87ab2373184fe07b31"")","E286","Jason Knight","charlesgraham@example.org","Animation","Sydney",true
"ObjectId(""6849ef87ab2373184fe07b32"")","E287","Kevin Bowman","qshaffer@example.net","Animation","Sydney",false
"ObjectId(""6849ef87ab2373184fe07b33"")","E288","Christopher Perez","cookjonathan@example.org","Modeling","Hyderabad",true
"ObjectId(""6849ef87ab2373184fe07b34"")","E289","James Tapia","wattsmatthew@example.org","Matte Painting","Sydney",false
"ObjectId(""6849ef87ab2373184fe07b35"")","E290","Rachel Hall","ftorres@example.com","Prodtech","Sydney",true
"ObjectId(""6849ef87ab2373184fe07b36"")","E291","Jeremy Melton","adammitchell@example.org","Story","Sydney",false
"ObjectId(""6849ef87ab2373184fe07b37"")","E292","Austin Vargas","mercadojustin@example.org","Matchmove","Sydney",true
"ObjectId(""6849ef87ab2373184fe07b38"")","E293","Mary Ryan","wclay@example.org","Rendering","London",false
"ObjectId(""6849ef87ab2373184fe07b39"")","E294","Martin Cooper","margaret34@example.org","IT","London",true
"ObjectId(""6849ef87ab2373184fe07b3a"")","E295","Daniel West","anthony91@example.net","Rigging","Hyderabad",false
"ObjectId(""6849ef87ab2373184fe07b3b"")","E296","Robin Myers","knoxvanessa@example.org","Previs","Hyderabad",true
"ObjectId(""6849ef87ab2373184fe07b3c"")","E297","Kelly Parks","turnertara@example.org","Groom","London",false
"ObjectId(""6849ef87ab2373184fe07b3d"")","E298","Christopher Welch","wbender@example.net","Pipeline","Sydney",true
"ObjectId(""6849ef87ab2373184fe07b3e"")","E299","Alexander Winters","escobardaniel@example.net","Previs","London",false
"ObjectId(""6849ef87ab2373184fe07b3f"")","E300","Parker Brown","qmurphy@example.net","Lighting","Hyderabad",true
"ObjectId(""6849ef87ab2373184fe07b40"")","E301","Brandi Page","codyjones@example.net","Animation","Hyderabad",false
"ObjectId(""6849ef87ab2373184fe07b41"")","E302","Andrew Cole","umoore@example.org","Art Department","Sydney",true
"ObjectId(""6849ef87ab2373184fe07b42"")","E303","Richard Daniel","christina63@example.org","Color Grading","Hyderabad",false
"ObjectId(""6849ef87ab2373184fe07b43"")","E304","Matthew Mosley","campbelltammy@example.net","Lookdev","Hyderabad",true
"ObjectId(""6849ef87ab2373184fe07b44"")","E305","Cynthia Mcintosh","andrewsosa@example.net","Lookdev","London",false
"ObjectId(""6849ef87ab2373184fe07b45"")","E306","Mark Kim","michelle47@example.net","Environments","London",true
"ObjectId(""6849ef87ab2373184fe07b46"")","E307","Angel Wells","ofigueroa@example.com","Environments","Hyderabad",false
"ObjectId(""6849ef87ab2373184fe07b47"")","E308","Keith Giles","nmartinez@example.org","Color Grading","Sydney",true
"ObjectId(""6849ef87ab2373184fe07b48"")","E309","Jonathan Valdez","kennethadams@example.com","IT","Sydney",false
"ObjectId(""6849ef87ab2373184fe07b49"")","E310","Cindy Olsen","curtis62@example.org","Texturing","London",true
"ObjectId(""6849ef87ab2373184fe07b4a"")","E311","Robyn Weber MD","along@example.net","Matchmove","London",false
"ObjectId(""6849ef87ab2373184fe07b4b"")","E312","Crystal Thompson","sarahsmith@example.org","Groom","Hyderabad",true
"ObjectId(""6849ef87ab2373184fe07b4c"")","E313","Kevin Rice","gouldryan@example.net","Previs","London",false
"ObjectId(""6849ef87ab2373184fe07b4d"")","E314","Vincent Lowe","johnnystewart@example.com","Animation","London",true
"ObjectId(""6849ef87ab2373184fe07b4e"")","E315","Vanessa Jones","brandiwalsh@example.com","Rigging","Sydney",false
"ObjectId(""6849ef87ab2373184fe07b4f"")","E316","Sydney Krause","katherineschneider@example.org","Pipeline","Sydney",true
"ObjectId(""6849ef87ab2373184fe07b50"")","E317","Kevin Obrien","hbranch@example.org","Groom","London",false
"ObjectId(""6849ef87ab2373184fe07b51"")","E318","Stephanie Martinez","kelly23@example.com","Art Department","Sydney",true
"ObjectId(""6849ef87ab2373184fe07b52"")","E319","Michelle Sutton","wschwartz@example.com","FX","Sydney",false
"ObjectId(""6849ef87ab2373184fe07b53"")","E320","Jamie Sherman","erin09@example.org","Asset Management","Sydney",true
"ObjectId(""6849ef87ab2373184fe07b54"")","E321","Priscilla Burns","emily27@example.org","Environments","London",false
"ObjectId(""6849ef87ab2373184fe07b55"")","E322","Jason Edwards","idiaz@example.com","Lighting","London",true
"ObjectId(""6849ef87ab2373184fe07b56"")","E323","Alexander Cole","erikdavis@example.org","FX","London",false
"ObjectId(""6849ef87ab2373184fe07b57"")","E324","Virginia Holmes","brian00@example.org","Production","London",true
"ObjectId(""6849ef87ab2373184fe07b58"")","E325","Ryan Norman","csmith@example.com","Editorial","Sydney",false
"ObjectId(""6849ef87ab2373184fe07b59"")","E326","Rachel Norris","colleenmosley@example.net","Environments","Sydney",true
"ObjectId(""6849ef87ab2373184fe07b5a"")","E327","Diana Wise","steven97@example.net","Groom","London",false
"ObjectId(""6849ef87ab2373184fe07b5b"")","E328","Zachary Brown","brent79@example.net","FX","Hyderabad",true
"ObjectId(""6849ef87ab2373184fe07b5c"")","E329","Peggy Stanley","gardnerkimberly@example.org","Matte Painting","London",false
"ObjectId(""6849ef87ab2373184fe07b5d"")","E330","Daniel Fowler","ghubbard@example.org","IT","Sydney",true
"ObjectId(""6849ef87ab2373184fe07b5e"")","E331","Robert French","jessica30@example.com","Lighting","Sydney",false
"ObjectId(""6849ef87ab2373184fe07b5f"")","E332","Susan Smith","aaron27@example.org","Prodtech","Hyderabad",true
"ObjectId(""6849ef87ab2373184fe07b60"")","E333","Christopher Lewis","boydsandra@example.com","Modeling","London",false
"ObjectId(""6849ef87ab2373184fe07b61"")","E334","Oscar Levy","williamsmary@example.com","Pipeline","London",true
"ObjectId(""6849ef87ab2373184fe07b62"")","E335","Mr. Mark Clark","collinsjoshua@example.org","Matchmove","London",false
"ObjectId(""6849ef87ab2373184fe07b63"")","E336","Dennis Martinez","christopherwilson@example.net","Matte Painting","Sydney",true
"ObjectId(""6849ef87ab2373184fe07b64"")","E337","Margaret Browning","taranixon@example.net","Modeling","Sydney",false
"ObjectId(""6849ef87ab2373184fe07b65"")","E338","Tiffany Stein","drubio@example.com","Compositing","Sydney",true
"ObjectId(""6849ef87ab2373184fe07b66"")","E339","Thomas Winters","lbaker@example.net","FX","Hyderabad",false
"ObjectId(""6849ef87ab2373184fe07b67"")","E340","Noah Harrison","christian00@example.net","Lookdev","Hyderabad",true
"ObjectId(""6849ef87ab2373184fe07b68"")","E341","Reginald Smith","vazquezstacy@example.com","Color Grading","Sydney",false
"ObjectId(""6849ef87ab2373184fe07b69"")","E342","Roger Clark","panderson@example.com","Rendering","Sydney",true
"ObjectId(""6849ef87ab2373184fe07b6a"")","E343","Joseph Byrd","david71@example.org","Compositing","Hyderabad",false
"ObjectId(""6849ef87ab2373184fe07b6b"")","E344","Janice Robbins","shannoncollins@example.net","FX","London",true
"ObjectId(""6849ef87ab2373184fe07b6c"")","E345","Jessica Parker","riveralaura@example.net","Production","Sydney",false
"ObjectId(""6849ef87ab2373184fe07b6d"")","E346","Troy Jones","jlynch@example.com","IT","Hyderabad",true
"ObjectId(""6849ef87ab2373184fe07b6e"")","E347","Linda Johnson","gonzalezpatrick@example.net","Groom","Sydney",false
"ObjectId(""6849ef87ab2373184fe07b6f"")","E348","Erika Davis","mcdanielnicole@example.net","Prodtech","London",true
"ObjectId(""6849ef87ab2373184fe07b70"")","E349","Andrea Casey","brooksjesse@example.net","Compositing","London",false
"ObjectId(""6849ef87ab2373184fe07b71"")","E350","Bonnie Murray","umelton@example.org","Animation","London",true
"ObjectId(""6849ef87ab2373184fe07b72"")","E351","Kenneth Fisher","ambershaw@example.com","IT","Sydney",false
"ObjectId(""6849ef87ab2373184fe07b73"")","E352","Jennifer Robinson","harrisjonathan@example.org","Editorial","Sydney",true
"ObjectId(""6849ef87ab2373184fe07b74"")","E353","April Davis","sjones@example.org","Matte Painting","Hyderabad",false
"ObjectId(""6849ef87ab2373184fe07b75"")","E354","Valerie Howe","oliverpaul@example.net","Editorial","Hyderabad",true
"ObjectId(""6849ef87ab2373184fe07b76"")","E355","Ryan Clark","cthompson@example.net","Groom","London",false
"ObjectId(""6849ef87ab2373184fe07b77"")","E356","Karen Green","olsonstacy@example.com","Layout","London",true
"ObjectId(""6849ef87ab2373184fe07b78"")","E357","Christopher Hudson","matthew40@example.org","Prodtech","Sydney",false
"ObjectId(""6849ef87ab2373184fe07b79"")","E358","Edward Morris","watsontammy@example.com","Matchmove","Hyderabad",true
"ObjectId(""6849ef87ab2373184fe07b7a"")","E359","Tanya Clark","phillipmoore@example.org","Compositing","Sydney",false
"ObjectId(""6849ef87ab2373184fe07b7b"")","E360","Kyle Williams","ryantaylor@example.com","Lighting","London",true
"ObjectId(""6849ef87ab2373184fe07b7c"")","E361","Yvonne Thompson","dean80@example.com","Previs","London",false
"ObjectId(""6849ef87ab2373184fe07b7d"")","E362","Scott Vargas","daviddickerson@example.net","Story","Sydney",true
"ObjectId(""6849ef87ab2373184fe07b7e"")","E363","Paul Avila","brettsantos@example.net","Matchmove","Hyderabad",false
"ObjectId(""6849ef87ab2373184fe07b7f"")","E364","Charles Moore","smills@example.net","IT","Sydney",true
"ObjectId(""6849ef87ab2373184fe07b80"")","E365","Mrs. Lisa Williams MD","thoffman@example.net","Modeling","London",false
"ObjectId(""6849ef87ab2373184fe07b81"")","E366","Thomas Moore","zberg@example.net","Pipeline","London",true
"ObjectId(""6849ef87ab2373184fe07b82"")","E367","Whitney Long","jsampson@example.net","Modeling","Sydney",false
"ObjectId(""6849ef87ab2373184fe07b83"")","E368","Harold Walker","yroth@example.org","Texturing","London",true
"ObjectId(""6849ef87ab2373184fe07b84"")","E369","Beth Mcdonald","lindsey33@example.com","Animation","Hyderabad",false
"ObjectId(""6849ef87ab2373184fe07b85"")","E370","Jessica Little","suzanne82@example.com","Animation","Hyderabad",true
"ObjectId(""6849ef87ab2373184fe07b86"")","E371","Ryan Walker","adamgibson@example.org","Layout","Hyderabad",false
"ObjectId(""6849ef87ab2373184fe07b87"")","E372","Aaron Sanders","nicholsvicki@example.com","Texturing","Sydney",true
"ObjectId(""6849ef87ab2373184fe07b88"")","E373","Melanie Garcia","briancross@example.org","Groom","London",false
"ObjectId(""6849ef87ab2373184fe07b89"")","E374","Kristy Wang","floresdiane@example.net","Lighting","Hyderabad",true
"ObjectId(""6849ef87ab2373184fe07b8a"")","E375","Roberto Eaton","harrisaimee@example.org","FX","London",false
"ObjectId(""6849ef87ab2373184fe07b8b"")","E376","Jeffrey Reed","wrightgina@example.com","Production","Hyderabad",true
"ObjectId(""6849ef87ab2373184fe07b8c"")","E377","John Weaver","nataliemartin@example.org","Prodtech","Hyderabad",false
"ObjectId(""6849ef87ab2373184fe07b8d"")","E378","Christopher Jennings","zwarren@example.net","Asset Management","Hyderabad",true
"ObjectId(""6849ef87ab2373184fe07b8e"")","E379","Christine Bell","christopher02@example.com","Art Department","Sydney",false
"ObjectId(""6849ef87ab2373184fe07b8f"")","E380","Andrea Mathis","allison92@example.net","Lookdev","Sydney",true
"ObjectId(""6849ef87ab2373184fe07b90"")","E381","Shannon Hicks","rodney74@example.net","Story","London",false
"ObjectId(""6849ef87ab2373184fe07b91"")","E382","Jose Taylor II","brownamanda@example.net","Pipeline","Hyderabad",true
"ObjectId(""6849ef87ab2373184fe07b92"")","E383","Jasmine Lopez","masonlogan@example.com","Rigging","London",false
"ObjectId(""6849ef87ab2373184fe07b93"")","E384","Linda Collins","dunnamy@example.net","Environments","London",true
"ObjectId(""6849ef87ab2373184fe07b94"")","E385","Eric Hall","heathcheyenne@example.net","Rigging","London",false
"ObjectId(""6849ef87ab2373184fe07b95"")","E386","Luis Bishop","jonathan96@example.net","Art Department","Sydney",true
"ObjectId(""6849ef87ab2373184fe07b96"")","E387","Allen Perry MD","jameshaney@example.org","Modeling","London",false
"ObjectId(""6849ef87ab2373184fe07b97"")","E388","Shannon Reyes","pparrish@example.com","Production","Hyderabad",true
"ObjectId(""6849ef87ab2373184fe07b98"")","E389","Richard Terry","frazierthomas@example.net","Matchmove","Sydney",false
"ObjectId(""6849ef87ab2373184fe07b99"")","E390","Christina Wilkinson","lisa16@example.net","FX","Sydney",true
"ObjectId(""6849ef87ab2373184fe07b9a"")","E391","Stephen Johnson","keith52@example.net","Compositing","Sydney",false
"ObjectId(""6849ef87ab2373184fe07b9b"")","E392","Brian Graham","ucompton@example.com","IT","Sydney",true
"ObjectId(""6849ef87ab2373184fe07b9c"")","E393","Scott Brady","murphymichelle@example.com","Environments","London",false
"ObjectId(""6849ef87ab2373184fe07b9d"")","E394","Lisa Robinson","ashleymitchell@example.net","Production","Hyderabad",true
"ObjectId(""6849ef87ab2373184fe07b9e"")","E395","Walter Harrison MD","jeremy46@example.com","IT","Hyderabad",false
"ObjectId(""6849ef87ab2373184fe07b9f"")","E396","Jeffrey Branch","markbowers@example.com","Previs","Sydney",true
"ObjectId(""6849ef87ab2373184fe07ba0"")","E397","Tammy Moon","tmooney@example.org","Lighting","London",false
"ObjectId(""6849ef87ab2373184fe07ba1"")","E398","Stanley Hall","tbrown@example.org","Groom","Sydney",true
"ObjectId(""6849ef87ab2373184fe07ba2"")","E399","Monique Parker","martindavid@example.net","Matte Painting","Hyderabad",false
"ObjectId(""6849ef87ab2373184fe07ba3"")","E400","Dustin Boone","bbooth@example.org","Prodtech","London",true
"ObjectId(""6849ef87ab2373184fe07ba4"")","E401","Tabitha Ortiz","adrianaking@example.org","Previs","Hyderabad",false
"ObjectId(""6849ef87ab2373184fe07ba5"")","E402","Justin Morris Jr.","jameswarner@example.org","Modeling","Hyderabad",true
"ObjectId(""6849ef87ab2373184fe07ba6"")","E403","Deborah Martinez","elliottnicholas@example.org","Rendering","Hyderabad",false
"ObjectId(""6849ef87ab2373184fe07ba7"")","E404","Troy Short","cisnerosgregory@example.org","Pipeline","Sydney",true
"ObjectId(""6849ef87ab2373184fe07ba8"")","E405","Denise Ward","yhouse@example.org","Rigging","London",false
"ObjectId(""6849ef87ab2373184fe07ba9"")","E406","Mark Douglas","jasonmartin@example.org","IT","Sydney",true
"ObjectId(""6849ef87ab2373184fe07baa"")","E407","Kristine Conway","williamsjesse@example.net","Texturing","London",false
"ObjectId(""6849ef87ab2373184fe07bab"")","E408","Corey Nelson","qdunn@example.net","Environments","Sydney",true
"ObjectId(""6849ef87ab2373184fe07bac"")","E409","Mindy Smith","shaun84@example.com","Lookdev","Hyderabad",false
"ObjectId(""6849ef87ab2373184fe07bad"")","E410","Deborah Montgomery","archermarie@example.net","Rendering","London",true
"ObjectId(""6849ef87ab2373184fe07bae"")","E411","Evan Clark","irowland@example.net","Modeling","London",false
"ObjectId(""6849ef87ab2373184fe07baf"")","E412","Steven Torres","grahammichelle@example.net","FX","London",true
"ObjectId(""6849ef87ab2373184fe07bb0"")","E413","Robert Flores","michael30@example.com","Story","London",false
"ObjectId(""6849ef87ab2373184fe07bb1"")","E414","Lori Gregory","sarah16@example.net","Layout","London",true
"ObjectId(""6849ef87ab2373184fe07bb2"")","E415","John Weiss","matthew54@example.net","FX","London",false
"ObjectId(""6849ef87ab2373184fe07bb3"")","E416","Kelly Harrington","jasonjohnson@example.net","Editorial","Sydney",true
"ObjectId(""6849ef87ab2373184fe07bb4"")","E417","Cory Hawkins","morrisjoshua@example.org","Groom","London",false
"ObjectId(""6849ef87ab2373184fe07bb5"")","E418","Breanna Chavez","jessicahuerta@example.org","Groom","London",true
"ObjectId(""6849ef87ab2373184fe07bb6"")","E419","Kristina Williams","kathleenhuynh@example.net","Matte Painting","Sydney",false
"ObjectId(""6849ef87ab2373184fe07bb7"")","E420","Mariah Duarte","goodwinamanda@example.org","FX","Sydney",true
"ObjectId(""6849ef87ab2373184fe07bb8"")","E421","Jesse Kane","ohernandez@example.org","Art Department","Sydney",false
"ObjectId(""6849ef87ab2373184fe07bb9"")","E422","Jessica Jones","allison30@example.com","Rendering","London",true
"ObjectId(""6849ef87ab2373184fe07bba"")","E423","Matthew Ford","murphydana@example.org","Compositing","London",false
"ObjectId(""6849ef87ab2373184fe07bbb"")","E424","Luis Johnson","oaguilar@example.com","Editorial","London",true
"ObjectId(""6849ef87ab2373184fe07bbc"")","E425","Brandy Roberts","brett55@example.net","Compositing","Hyderabad",false
"ObjectId(""6849ef87ab2373184fe07bbd"")","E426","Cassidy Graham","kelseymann@example.com","IT","London",true
"ObjectId(""6849ef87ab2373184fe07bbe"")","E427","Joshua Norton","vaughnmonique@example.com","Color Grading","London",false
"ObjectId(""6849ef87ab2373184fe07bbf"")","E428","Austin Powell","wwhite@example.net","Editorial","Sydney",true
"ObjectId(""6849ef87ab2373184fe07bc0"")","E429","Scott Hall","dmartinez@example.org","Matchmove","London",false
"ObjectId(""6849ef87ab2373184fe07bc1"")","E430","April Randolph","michaelboyer@example.net","Lighting","Sydney",true
"ObjectId(""6849ef87ab2373184fe07bc2"")","E431","Marcus Nichols","david03@example.com","Modeling","Hyderabad",false
"ObjectId(""6849ef87ab2373184fe07bc3"")","E432","David Price","amanda75@example.org","Matte Painting","Hyderabad",true
"ObjectId(""6849ef87ab2373184fe07bc4"")","E433","Kelly Vega","bmccoy@example.org","Environments","London",false
"ObjectId(""6849ef87ab2373184fe07bc5"")","E434","Ryan Graham","uedwards@example.net","FX","London",true
"ObjectId(""6849ef87ab2373184fe07bc6"")","E435","John Baker","samantha54@example.net","Production","London",false
"ObjectId(""6849ef87ab2373184fe07bc7"")","E436","Anna Page","brandon25@example.net","Lookdev","Sydney",true
"ObjectId(""6849ef87ab2373184fe07bc8"")","E437","Keith Carr","wilsonjames@example.com","FX","Hyderabad",false
"ObjectId(""6849ef87ab2373184fe07bc9"")","E438","Maria Brown","erik27@example.net","Color Grading","Hyderabad",true
"ObjectId(""6849ef87ab2373184fe07bca"")","E439","Jacob Lopez","jroberts@example.com","Prodtech","London",false
"ObjectId(""6849ef87ab2373184fe07bcb"")","E440","Lisa Flores","charles89@example.com","Color Grading","Sydney",true
"ObjectId(""6849ef87ab2373184fe07bcc"")","E441","Kayla Davis","castanedadaniel@example.com","Matchmove","London",false
"ObjectId(""6849ef87ab2373184fe07bcd"")","E442","Tara Levy","dawnnunez@example.org","Groom","London",true
"ObjectId(""6849ef87ab2373184fe07bce"")","E443","Jaime Castro","thomas07@example.net","Animation","Sydney",false
"ObjectId(""6849ef87ab2373184fe07bcf"")","E444","Jonathan Wright","umelton@example.com","Matte Painting","London",true
"ObjectId(""6849ef87ab2373184fe07bd0"")","E445","Louis Green","rayjohn@example.net","Previs","Hyderabad",false
"ObjectId(""6849ef87ab2373184fe07bd1"")","E446","Katherine Nelson","matthewburke@example.org","Compositing","Sydney",true
"ObjectId(""6849ef87ab2373184fe07bd2"")","E447","Brandy Davis","ftate@example.com","Rigging","Sydney",false
"ObjectId(""6849ef87ab2373184fe07bd3"")","E448","Denise Smith","longcarrie@example.org","Animation","Sydney",true
"ObjectId(""6849ef87ab2373184fe07bd4"")","E449","Sharon Marquez","jesse11@example.net","Animation","Hyderabad",false
"ObjectId(""6849ef87ab2373184fe07bd5"")","E450","Walter Phillips","lisa78@example.com","Rendering","Hyderabad",true
"ObjectId(""6849ef87ab2373184fe07bd6"")","E451","Erin Hammond","lyonssteven@example.net","Color Grading","Sydney",false
"ObjectId(""6849ef87ab2373184fe07bd7"")","E452","Debra West","jamesgarcia@example.org","Prodtech","London",true
"ObjectId(""6849ef87ab2373184fe07bd8"")","E453","John Harrell","leslieyoung@example.com","Lighting","London",false
"ObjectId(""6849ef87ab2373184fe07bd9"")","E454","Mark Donovan","ubauer@example.net","Production","Hyderabad",true
"ObjectId(""6849ef87ab2373184fe07bda"")","E455","Patricia Reyes","rsmith@example.net","Rigging","Sydney",false
"ObjectId(""6849ef87ab2373184fe07bdb"")","E456","Richard Jennings","andre96@example.com","Matte Painting","Hyderabad",true
"ObjectId(""6849ef87ab2373184fe07bdc"")","E457","Terri Hernandez","phillipsjulia@example.com","Art Department","London",false
"ObjectId(""6849ef87ab2373184fe07bdd"")","E458","Frank Roberson","tammy41@example.org","Lighting","Hyderabad",true
"ObjectId(""6849ef87ab2373184fe07bde"")","E459","Mary Humphrey","adamsjane@example.org","Matchmove","Sydney",false
"ObjectId(""6849ef87ab2373184fe07bdf"")","E460","Erin Kelly","whiteheadbeth@example.com","IT","Sydney",true
"ObjectId(""6849ef87ab2373184fe07be0"")","E461","David Miller","hansenbridget@example.net","Matte Painting","London",false
"ObjectId(""6849ef87ab2373184fe07be1"")","E462","Krystal Jackson","nicoleroach@example.net","Environments","London",true
"ObjectId(""6849ef87ab2373184fe07be2"")","E463","Jennifer Hart","cwells@example.com","Color Grading","Hyderabad",false
"ObjectId(""6849ef87ab2373184fe07be3"")","E464","Steven Willis","murphyrobert@example.com","Pipeline","Sydney",true
"ObjectId(""6849ef87ab2373184fe07be4"")","E465","Michelle Hill","cynthia60@example.org","Texturing","Hyderabad",false
"ObjectId(""6849ef87ab2373184fe07be5"")","E466","Christopher Short","robertleon@example.net","Lighting","Sydney",true
"ObjectId(""6849ef87ab2373184fe07be6"")","E467","Alejandro Clark Jr.","garrettdoyle@example.org","Asset Management","Sydney",false
"ObjectId(""6849ef87ab2373184fe07be7"")","E468","Jose Soto","gallen@example.com","Matte Painting","Hyderabad",true
"ObjectId(""6849ef87ab2373184fe07be8"")","E469","Elizabeth Smith","joanne57@example.net","Pipeline","Hyderabad",false
"ObjectId(""6849ef87ab2373184fe07be9"")","E470","Andrea Morgan","zdixon@example.net","Environments","Sydney",true
"ObjectId(""6849ef87ab2373184fe07bea"")","E471","Tyler Roberts","kristie95@example.net","Layout","Sydney",false
"ObjectId(""6849ef87ab2373184fe07beb"")","E472","Danielle Castro","whill@example.com","Editorial","London",true
"ObjectId(""6849ef87ab2373184fe07bec"")","E473","Danielle Castro","emilykelley@example.net","Rendering","Hyderabad",false
"ObjectId(""6849ef87ab2373184fe07bed"")","E474","Jeff Gonzalez","william31@example.org","Animation","Sydney",true
"ObjectId(""6849ef87ab2373184fe07bee"")","E475","John Smith","jacquelinegarcia@example.net","Previs","London",false
"ObjectId(""6849ef87ab2373184fe07bef"")","E476","Pamela Jones","nancy42@example.com","Lighting","London",true
"ObjectId(""6849ef87ab2373184fe07bf0"")","E477","Kevin Rodriguez","jasonmason@example.org","Environments","Hyderabad",false
"ObjectId(""6849ef87ab2373184fe07bf1"")","E478","Stephen Bell MD","cward@example.org","Art Department","London",true
"ObjectId(""6849ef87ab2373184fe07bf2"")","E479","James Whitney","mayerdonna@example.com","Layout","Sydney",false
"ObjectId(""6849ef87ab2373184fe07bf3"")","E480","Cole Aguilar","chandlerstacey@example.org","Art Department","Sydney",true
"ObjectId(""6849ef87ab2373184fe07bf4"")","E481","Cynthia Yoder","tpetersen@example.org","Matchmove","Sydney",false
"ObjectId(""6849ef87ab2373184fe07bf5"")","E482","Michelle Newton","kimberlythompson@example.org","IT","Hyderabad",true
"ObjectId(""6849ef87ab2373184fe07bf6"")","E483","Gabriel Patton","valenzuelapatricia@example.net","Prodtech","London",false
"ObjectId(""6849ef87ab2373184fe07bf7"")","E484","Erik Williams","shanehartman@example.org","Editorial","London",true
"ObjectId(""6849ef87ab2373184fe07bf8"")","E485","Ryan Mahoney","kimgeorge@example.com","Editorial","Hyderabad",false
"ObjectId(""6849ef87ab2373184fe07bf9"")","E486","Nathan Joseph","pamelaadams@example.org","Compositing","London",true
"ObjectId(""6849ef87ab2373184fe07bfa"")","E487","Carol Mcguire","nguyenjoshua@example.com","Groom","Sydney",false
"ObjectId(""6849ef87ab2373184fe07bfb"")","E488","Lisa Riley DDS","omyers@example.net","Environments","London",true
"ObjectId(""6849ef87ab2373184fe07bfc"")","E489","Andre Golden","rebeccagreene@example.org","Previs","London",false
"ObjectId(""6849ef87ab2373184fe07bfd"")","E490","Jared Shaw","james30@example.com","Texturing","Hyderabad",true
"ObjectId(""6849ef87ab2373184fe07bfe"")","E491","John Hubbard","upruitt@example.com","Compositing","Hyderabad",false
"ObjectId(""6849ef87ab2373184fe07bff"")","E492","Susan Mccoy","nicoledavis@example.net","Texturing","Sydney",true
"ObjectId(""6849ef87ab2373184fe07c00"")","E493","Kimberly Contreras","ebrown@example.net","FX","London",false
"ObjectId(""6849ef87ab2373184fe07c01"")","E494","Robert Jones","zacharynelson@example.org","Prodtech","London",true
"ObjectId(""6849ef87ab2373184fe07c02"")","E495","Clarence Lester","timothy85@example.org","Rendering","London",false
"ObjectId(""6849ef87ab2373184fe07c03"")","E496","Todd Hughes","kristen16@example.com","Production","London",true
"ObjectId(""6849ef87ab2373184fe07c04"")","E497","Brittany Armstrong","angelacalhoun@example.org","Editorial","Hyderabad",false
"ObjectId(""6849ef87ab2373184fe07c05"")","E498","Thomas Jones","hthomas@example.org","Prodtech","Hyderabad",true
"ObjectId(""6849ef87ab2373184fe07c06"")","E499","Bryan Dixon","laura70@example.com","Modeling","Hyderabad",false
"ObjectId(""6849ef87ab2373184fe07c07"")","E500","William Meza","barnettanne@example.org","Environments","Hyderabad",true
"ObjectId(""6849ef87ab2373184fe07c08"")","E501","Mrs. Ashley Richardson MD","petersonsamantha@example.com","Compositing","London",false
